label,rundir,ckpt,suite,task,pc_success,n_episodes,eval_s,eval_ep_s,status,timestamp
gd025,roi_fastv_keep050_fv025_l0_9,012000,libero_spatial,0,100.0,10,366.9808700084686,36.698087096214294,done,2026-07-11 19:10:44
gd025,roi_fastv_keep050_fv025_l0_9,012000,libero_spatial,6,100.0,10,407.21773767471313,40.72177383899689,done,2026-07-11 19:11:22
gd025,roi_fastv_keep050_fv025_l0_9,012000,libero_spatial,2,100.0,10,427.11459589004517,42.71145966053009,done,2026-07-11 19:11:41
gd025,roi_fastv_keep050_fv025_l0_9,012000,libero_spatial,3,100.0,10,460.5913243293762,46.05913252830506,done,2026-07-11 19:12:14
gd025,roi_fastv_keep050_fv025_l0_9,012000,libero_spatial,7,100.0,10,474.7656316757202,47.476563239097594,done,2026-07-11 19:12:28
gd025,roi_fastv_keep050_fv025_l0_9,012000,libero_spatial,4,90.0,10,517.0911383628845,51.709113931655885,done,2026-07-11 19:13:12
gd025,roi_fastv_keep050_fv025_l0_9,012000,libero_spatial,1,90.0,10,518.5824251174927,51.8582426071167,done,2026-07-11 19:13:13
gd025,roi_fastv_keep050_fv025_l0_9,012000,libero_spatial,5,70.0,10,583.3633370399475,58.33633377552032,done,2026-07-11 19:14:16
gd025,roi_fastv_keep050_fv025_l0_9,012000,libero_object,2,100.0,10,302.0599117279053,30.205991244316102,done,2026-07-11 19:21:32
gd025,roi_fastv_keep050_fv025_l0_9,012000,libero_object,1,100.0,10,314.4691035747528,31.446910429000855,done,2026-07-11 19:21:44
gd025,roi_fastv_keep050_fv025_l0_9,012000,libero_object,4,100.0,10,330.5598199367523,33.055982089042665,done,2026-07-11 19:22:04
gd025,roi_fastv_keep050_fv025_l0_9,012000,libero_object,3,100.0,10,339.0937707424164,33.90937719345093,done,2026-07-11 19:22:09
gd025,roi_fastv_keep050_fv025_l0_9,012000,libero_object,0,100.0,10,345.4253146648407,34.54253153800964,done,2026-07-11 19:22:14
gd025,roi_fastv_keep050_fv025_l0_9,012000,libero_object,5,100.0,10,351.4246561527252,35.1424656867981,done,2026-07-11 19:22:20
gd025,roi_fastv_keep050_fv025_l0_9,012000,libero_spatial,8,100.0,10,390.3858919143677,39.03858923912048,done,2026-07-11 19:23:00
gd025,roi_fastv_keep050_fv025_l0_9,012000,libero_spatial,9,90.0,10,492.0913600921631,49.209136080741885,done,2026-07-11 19:24:41
gd025,roi_fastv_keep050_fv025_l0_9,012000,libero_object,9,100.0,10,303.0452756881714,30.304527640342712,done,2026-07-11 19:31:58
gd025,roi_fastv_keep050_fv025_l0_9,012000,libero_object,7,100.0,10,325.96890115737915,32.59689021110535,done,2026-07-11 19:32:20
gd025,roi_fastv_keep050_fv025_l0_9,012000,libero_object,8,100.0,10,362.7180278301239,36.27180287837982,done,2026-07-11 19:32:59
gd025,roi_fastv_keep050_fv025_l0_9,012000,libero_object,6,100.0,10,363.0028569698334,36.30028579235077,done,2026-07-11 19:33:01
gd025,roi_fastv_keep050_fv025_l0_9,012000,libero_goal,1,100.0,10,369.90337443351746,36.99033751487732,done,2026-07-11 19:33:09
gd025,roi_fastv_keep050_fv025_l0_9,012000,libero_goal,2,100.0,10,372.449999332428,37.24500000476837,done,2026-07-11 19:33:10
gd025,roi_fastv_keep050_fv025_l0_9,012000,libero_goal,0,100.0,10,445.51930379867554,44.55193042755127,done,2026-07-11 19:34:20
gd025,roi_fastv_keep050_fv025_l0_9,012000,libero_goal,3,80.0,10,733.7640323638916,73.37640328407288,done,2026-07-11 19:39:10
gd025,roi_fastv_keep050_fv025_l0_9,012000,libero_goal,8,100.0,10,356.37150263786316,35.63715035915375,done,2026-07-11 19:47:18
gd025,roi_fastv_keep050_fv025_l0_9,012000,libero_goal,7,90.0,10,381.1344726085663,38.113447308540344,done,2026-07-11 19:47:44
gd025,roi_fastv_keep050_fv025_l0_9,012000,libero_goal,4,100.0,10,387.51127195358276,38.75112726688385,done,2026-07-11 19:47:52
gd025,roi_fastv_keep050_fv025_l0_9,012000,libero_goal,6,90.0,10,454.17666006088257,45.417666053771974,done,2026-07-11 19:48:57
gd025,roi_fastv_keep050_fv025_l0_9,012000,libero_goal,9,100.0,10,456.49265909194946,45.64926598072052,done,2026-07-11 19:48:59
gd025,roi_fastv_keep050_fv025_l0_9,012000,libero_10,1,100.0,10,563.0658740997314,56.30658748149872,done,2026-07-11 19:50:46
gd025,roi_fastv_keep050_fv025_l0_9,012000,libero_goal,5,90.0,10,569.2119507789612,56.92119514942169,done,2026-07-11 19:50:52
gd025,roi_fastv_keep050_fv025_l0_9,012000,libero_10,0,90.0,10,633.6120920181274,63.36120927333832,done,2026-07-11 19:51:58
gd025,roi_fastv_keep050_fv025_l0_9,012000,libero_10,5,100.0,10,338.97427225112915,33.8974273443222,done,2026-07-11 19:59:57
gd025,roi_fastv_keep050_fv025_l0_9,012000,libero_10,4,100.0,10,424.05517745018005,42.40551781654358,done,2026-07-11 20:01:25
gd025,roi_fastv_keep050_fv025_l0_9,012000,libero_10,6,100.0,10,444.77486181259155,44.477486276626585,done,2026-07-11 20:01:39
gd025,roi_fastv_keep050_fv025_l0_9,012000,libero_10,7,100.0,10,545.7062478065491,54.57062485218048,done,2026-07-11 20:03:16
gd025,roi_fastv_keep050_fv025_l0_9,012000,libero_10,9,100.0,10,562.3964123725891,56.239641308784485,done,2026-07-11 20:03:38
gd025,roi_fastv_keep050_fv025_l0_9,012000,libero_10,3,70.0,10,666.3803355693817,66.63803362846375,done,2026-07-11 20:05:18
gd025,roi_fastv_keep050_fv025_l0_9,012000,libero_10,2,100.0,10,684.2139136791229,68.42139143943787,done,2026-07-11 20:05:33
gd025,roi_fastv_keep050_fv025_l0_9,012000,libero_10,8,90.0,10,1084.910483598709,108.49104843139648,done,2026-07-11 20:12:19
gd050,roi_fastv_keep050_fv050,012000,libero_spatial,0,100.0,10,349.4563648700714,34.94563660621643,done,2026-07-11 12:13:46
gd050,roi_fastv_keep050_fv050,012000,libero_spatial,2,100.0,10,399.7525243759155,39.97525253295898,done,2026-07-11 12:14:36
gd050,roi_fastv_keep050_fv050,012000,libero_spatial,3,90.0,10,417.74500131607056,41.774500250816345,done,2026-07-11 12:14:54
gd050,roi_fastv_keep050_fv050,012000,libero_spatial,6,90.0,10,466.2493374347687,46.624933862686156,done,2026-07-11 12:15:42
gd050,roi_fastv_keep050_fv050,012000,libero_spatial,7,100.0,10,476.4188597202301,47.641886019706725,done,2026-07-11 12:15:52
gd050,roi_fastv_keep050_fv050,012000,libero_spatial,4,100.0,10,484.9742023944855,48.49742033481598,done,2026-07-11 12:16:00
gd050,roi_fastv_keep050_fv050,012000,libero_spatial,5,90.0,10,490.65439224243164,49.06543929576874,done,2026-07-11 12:16:05
gd050,roi_fastv_keep050_fv050,012000,libero_spatial,1,80.0,10,499.6553113460541,49.96553122997284,done,2026-07-11 12:16:16
gd050,roi_fastv_keep050_fv050,012000,libero_object,2,100.0,10,289.0567705631256,28.905677127838135,done,2026-07-11 12:23:16
gd050,roi_fastv_keep050_fv050,012000,libero_object,1,100.0,10,307.9575340747833,30.795753502845763,done,2026-07-11 12:23:36
gd050,roi_fastv_keep050_fv050,012000,libero_object,4,100.0,10,328.1347186565399,32.81347191333771,done,2026-07-11 12:23:56
gd050,roi_fastv_keep050_fv050,012000,libero_object,0,100.0,10,337.3462505340576,33.73462514877319,done,2026-07-11 12:24:05
gd050,roi_fastv_keep050_fv050,012000,libero_object,5,100.0,10,346.6673676967621,34.66673684120178,done,2026-07-11 12:24:14
gd050,roi_fastv_keep050_fv050,012000,libero_object,3,90.0,10,364.2543683052063,36.4254369020462,done,2026-07-11 12:24:30
gd050,roi_fastv_keep050_fv050,012000,libero_spatial,8,90.0,10,431.12071466445923,43.112071537971495,done,2026-07-11 12:25:36
gd050,roi_fastv_keep050_fv050,012000,libero_spatial,9,100.0,10,485.32016348838806,48.53201642036438,done,2026-07-11 12:26:33
gd050,roi_fastv_keep050_fv050,012000,libero_object,9,100.0,10,307.0202832221985,30.702028393745422,done,2026-07-11 12:33:52
gd050,roi_fastv_keep050_fv050,012000,libero_object,8,100.0,10,351.67585730552673,35.167585778236386,done,2026-07-11 12:34:36
gd050,roi_fastv_keep050_fv050,012000,libero_object,7,90.0,10,352.86282229423523,35.2862823009491,done,2026-07-11 12:34:38
gd050,roi_fastv_keep050_fv050,012000,libero_goal,1,100.0,10,362.94992685317993,36.294992780685426,done,2026-07-11 12:34:49
gd050,roi_fastv_keep050_fv050,012000,libero_object,6,100.0,10,365.2615523338318,36.52615532875061,done,2026-07-11 12:34:51
gd050,roi_fastv_keep050_fv050,012000,libero_goal,2,100.0,10,382.64695930480957,38.26469600200653,done,2026-07-11 12:35:07
gd050,roi_fastv_keep050_fv050,012000,libero_goal,0,100.0,10,436.55520391464233,43.655520462989806,done,2026-07-11 12:36:00
gd050,roi_fastv_keep050_fv050,012000,libero_goal,3,100.0,10,644.5601570606232,64.4560157775879,done,2026-07-11 12:39:30
gd050,roi_fastv_keep050_fv050,012000,libero_goal,7,100.0,10,337.5629768371582,33.756297779083255,done,2026-07-11 12:47:18
gd050,roi_fastv_keep050_fv050,012000,libero_goal,8,100.0,10,338.1524546146393,33.81524558067322,done,2026-07-11 12:47:20
gd050,roi_fastv_keep050_fv050,012000,libero_goal,4,100.0,10,370.0927646160126,37.00927653312683,done,2026-07-11 12:47:51
gd050,roi_fastv_keep050_fv050,012000,libero_goal,6,100.0,10,386.59368801116943,38.659368896484374,done,2026-07-11 12:48:08
gd050,roi_fastv_keep050_fv050,012000,libero_goal,5,100.0,10,494.50746726989746,49.450746822357175,done,2026-07-11 12:49:56
gd050,roi_fastv_keep050_fv050,012000,libero_10,1,100.0,10,553.0290396213531,55.30290400981903,done,2026-07-11 12:50:53
gd050,roi_fastv_keep050_fv050,012000,libero_goal,9,60.0,10,606.6981317996979,60.66981327533722,done,2026-07-11 12:51:49
gd050,roi_fastv_keep050_fv050,012000,libero_10,0,100.0,10,609.1131319999695,60.91131324768067,done,2026-07-11 12:51:51
gd050,roi_fastv_keep050_fv050,012000,libero_10,5,100.0,10,343.5234353542328,34.35234360694885,done,2026-07-11 12:59:45
gd050,roi_fastv_keep050_fv050,012000,libero_10,4,100.0,10,422.8926546573639,42.28926556110382,done,2026-07-11 13:01:06
gd050,roi_fastv_keep050_fv050,012000,libero_10,3,100.0,10,515.4761786460876,51.54761793613434,done,2026-07-11 13:02:38
gd050,roi_fastv_keep050_fv050,012000,libero_10,6,90.0,10,519.961207151413,51.99612078666687,done,2026-07-11 13:02:42
gd050,roi_fastv_keep050_fv050,012000,libero_10,9,100.0,10,536.2431020736694,53.62431030273437,done,2026-07-11 13:03:00
gd050,roi_fastv_keep050_fv050,012000,libero_10,7,100.0,10,549.0228173732758,54.90228178501129,done,2026-07-11 13:03:11
gd050,roi_fastv_keep050_fv050,012000,libero_10,2,100.0,10,658.3774619102478,65.83774623870849,done,2026-07-11 13:05:00
gd050,roi_fastv_keep050_fv050,012000,libero_10,8,80.0,10,1149.5159802436829,114.95159814357757,done,2026-07-11 13:13:13
pred025,roi_predict_keep050_fv025_l09,012000,libero_spatial,6,100.0,10,613.3994643688202,61.33994650840759,done,2026-07-11 15:08:18
pred025,roi_predict_keep050_fv025_l09,012000,libero_spatial,2,100.0,10,636.0013899803162,63.60013904571533,done,2026-07-11 15:08:41
pred025,roi_predict_keep050_fv025_l09,012000,libero_spatial,5,80.0,10,686.1402604579926,68.61402611732483,done,2026-07-11 15:09:30
pred025,roi_predict_keep050_fv025_l09,012000,libero_spatial,0,100.0,10,709.5139441490173,70.95139451026917,done,2026-07-11 15:09:54
pred025,roi_predict_keep050_fv025_l09,012000,libero_spatial,7,100.0,10,756.4099278450012,75.64099283218384,done,2026-07-11 15:10:41
pred025,roi_predict_keep050_fv025_l09,012000,libero_spatial,3,90.0,10,782.9674429893494,78.29674437046052,done,2026-07-11 15:11:07
pred025,roi_predict_keep050_fv025_l09,012000,libero_spatial,1,90.0,10,822.8232843875885,82.28232851028443,done,2026-07-11 15:11:47
pred025,roi_predict_keep050_fv025_l09,012000,libero_spatial,4,90.0,10,907.9145712852478,90.79145720005036,done,2026-07-11 15:13:13
pred025,roi_predict_keep050_fv025_l09,012000,libero_object,2,100.0,10,369.11065769195557,36.91106584072113,done,2026-07-11 15:21:33
pred025,roi_predict_keep050_fv025_l09,012000,libero_object,1,100.0,10,425.0214476585388,42.50214486122131,done,2026-07-11 15:22:29
pred025,roi_predict_keep050_fv025_l09,012000,libero_object,5,100.0,10,524.9999103546143,52.499991106987,done,2026-07-11 15:24:10
pred025,roi_predict_keep050_fv025_l09,012000,libero_object,0,100.0,10,593.6901807785034,59.369018125534055,done,2026-07-11 15:25:18
pred025,roi_predict_keep050_fv025_l09,012000,libero_object,3,90.0,10,606.1795787811279,60.61795797348022,done,2026-07-11 15:25:31
pred025,roi_predict_keep050_fv025_l09,012000,libero_spatial,8,100.0,10,614.8808267116547,61.48808274269104,done,2026-07-11 15:25:39
pred025,roi_predict_keep050_fv025_l09,012000,libero_object,4,100.0,10,623.8496544361115,62.38496551513672,done,2026-07-11 15:25:48
pred025,roi_predict_keep050_fv025_l09,012000,libero_spatial,9,100.0,10,744.6849634647369,74.46849644184113,done,2026-07-11 15:27:49
pred025,roi_predict_keep050_fv025_l09,012000,libero_object,8,100.0,10,435.56718134880066,43.55671820640564,done,2026-07-11 15:37:16
pred025,roi_predict_keep050_fv025_l09,012000,libero_object,7,100.0,10,473.10269689559937,47.31026978492737,done,2026-07-11 15:37:54
pred025,roi_predict_keep050_fv025_l09,012000,libero_object,9,100.0,10,516.4527342319489,51.645273494720456,done,2026-07-11 15:38:38
pred025,roi_predict_keep050_fv025_l09,012000,libero_object,6,100.0,10,542.9484915733337,54.29484920501709,done,2026-07-11 15:39:04
pred025,roi_predict_keep050_fv025_l09,012000,libero_goal,2,100.0,10,560.2705714702606,56.02705721855163,done,2026-07-11 15:39:26
pred025,roi_predict_keep050_fv025_l09,012000,libero_goal,1,100.0,10,655.5596516132355,65.55596523284912,done,2026-07-11 15:40:56
pred025,roi_predict_keep050_fv025_l09,012000,libero_goal,0,100.0,10,672.6480264663696,67.26480269432068,done,2026-07-11 15:41:13
pred025,roi_predict_keep050_fv025_l09,012000,libero_goal,3,70.0,10,926.5410974025726,92.6541098356247,done,2026-07-11 15:45:28
pred025,roi_predict_keep050_fv025_l09,012000,libero_goal,6,90.0,10,547.6636343002319,54.766363525390624,done,2026-07-11 15:56:47
pred025,roi_predict_keep050_fv025_l09,012000,libero_10,1,100.0,10,652.4131760597229,65.24131767749786,done,2026-07-11 15:58:32
pred025,roi_predict_keep050_fv025_l09,012000,libero_goal,5,90.0,10,654.8314454555511,65.48314468860626,done,2026-07-11 15:58:35
pred025,roi_predict_keep050_fv025_l09,012000,libero_goal,4,100.0,10,657.7643613815308,65.77643618583679,done,2026-07-11 15:58:37
pred025,roi_predict_keep050_fv025_l09,012000,libero_goal,7,100.0,10,669.8145642280579,66.98145651817322,done,2026-07-11 15:58:50
pred025,roi_predict_keep050_fv025_l09,012000,libero_10,0,100.0,10,693.4915399551392,69.34915404319763,done,2026-07-11 15:59:14
pred025,roi_predict_keep050_fv025_l09,012000,libero_goal,8,90.0,10,722.147078037262,72.21470789909363,done,2026-07-11 15:59:43
pred025,roi_predict_keep050_fv025_l09,012000,libero_goal,9,70.0,10,778.7309000492096,77.87309007644653,done,2026-07-11 16:00:39
pred025,roi_predict_keep050_fv025_l09,012000,libero_10,6,100.0,10,466.2574782371521,46.62574791908264,done,2026-07-11 16:10:37
pred025,roi_predict_keep050_fv025_l09,012000,libero_10,4,90.0,10,502.4218714237213,50.24218721389771,done,2026-07-11 16:11:13
pred025,roi_predict_keep050_fv025_l09,012000,libero_10,5,100.0,10,548.2013258934021,54.82013266086578,done,2026-07-11 16:11:58
pred025,roi_predict_keep050_fv025_l09,012000,libero_10,9,100.0,10,659.5280570983887,65.95280582904816,done,2026-07-11 16:13:50
pred025,roi_predict_keep050_fv025_l09,012000,libero_10,7,100.0,10,760.6723079681396,76.06723086833954,done,2026-07-11 16:15:31
pred025,roi_predict_keep050_fv025_l09,012000,libero_10,3,90.0,10,798.718834400177,79.87188348770141,done,2026-07-11 16:16:09
pred025,roi_predict_keep050_fv025_l09,012000,libero_10,2,100.0,10,879.1512160301208,87.9151216506958,done,2026-07-11 16:17:30
pred025,roi_predict_keep050_fv025_l09,012000,libero_10,8,80.0,10,1187.9044737815857,118.79044744968414,done,2026-07-11 16:22:38
pred050,roi_predict_keep050_fv050_l03,012000,libero_spatial,0,100.0,10,585.8335649967194,58.58335657119751,done,2026-07-11 15:07:50
pred050,roi_predict_keep050_fv050_l03,012000,libero_spatial,7,100.0,10,650.1962647438049,65.01962654590606,done,2026-07-11 15:08:54
pred050,roi_predict_keep050_fv050_l03,012000,libero_spatial,3,100.0,10,673.1827163696289,67.3182716846466,done,2026-07-11 15:09:17
pred050,roi_predict_keep050_fv050_l03,012000,libero_spatial,2,100.0,10,699.3061797618866,69.93061804771423,done,2026-07-11 15:09:43
pred050,roi_predict_keep050_fv050_l03,012000,libero_spatial,5,80.0,10,777.4075446128845,77.74075453281402,done,2026-07-11 15:11:01
pred050,roi_predict_keep050_fv050_l03,012000,libero_spatial,6,100.0,10,832.0884754657745,83.20884759426117,done,2026-07-11 15:11:56
pred050,roi_predict_keep050_fv050_l03,012000,libero_spatial,4,100.0,10,856.6178855895996,85.6617886543274,done,2026-07-11 15:12:20
pred050,roi_predict_keep050_fv050_l03,012000,libero_spatial,1,90.0,10,914.8533000946045,91.48533008098602,done,2026-07-11 15:13:18
pred050,roi_predict_keep050_fv050_l03,012000,libero_object,4,100.0,10,450.72755789756775,45.07275583744049,done,2026-07-11 15:23:01
pred050,roi_predict_keep050_fv050_l03,012000,libero_object,3,100.0,10,528.1428256034851,52.81428260803223,done,2026-07-11 15:24:18
pred050,roi_predict_keep050_fv050_l03,012000,libero_object,5,100.0,10,528.5451362133026,52.854513716697696,done,2026-07-11 15:24:19
pred050,roi_predict_keep050_fv050_l03,012000,libero_object,2,100.0,10,600.1349334716797,60.01349341869354,done,2026-07-11 15:25:30
pred050,roi_predict_keep050_fv050_l03,012000,libero_spatial,8,100.0,10,621.4798219203949,62.147982239723206,done,2026-07-11 15:25:52
pred050,roi_predict_keep050_fv050_l03,012000,libero_object,0,90.0,10,626.4896380901337,62.64896388053894,done,2026-07-11 15:25:57
pred050,roi_predict_keep050_fv050_l03,012000,libero_object,1,100.0,10,652.0634870529175,65.20634875297546,done,2026-07-11 15:26:23
pred050,roi_predict_keep050_fv050_l03,012000,libero_spatial,9,100.0,10,710.7214024066925,71.07214033603668,done,2026-07-11 15:27:21
pred050,roi_predict_keep050_fv050_l03,012000,libero_object,6,100.0,10,356.6347301006317,35.663473105430604,done,2026-07-11 15:35:29
pred050,roi_predict_keep050_fv050_l03,012000,libero_object,9,100.0,10,396.16464352607727,39.6164644241333,done,2026-07-11 15:36:09
pred050,roi_predict_keep050_fv050_l03,012000,libero_goal,2,100.0,10,492.1821541786194,49.21821551322937,done,2026-07-11 15:37:44
pred050,roi_predict_keep050_fv050_l03,012000,libero_object,7,100.0,10,494.669401884079,49.46694025993347,done,2026-07-11 15:37:47
pred050,roi_predict_keep050_fv050_l03,012000,libero_object,8,100.0,10,560.7873337268829,56.078733468055724,done,2026-07-11 15:38:54
pred050,roi_predict_keep050_fv050_l03,012000,libero_goal,1,100.0,10,598.3737227916718,59.83737237453461,done,2026-07-11 15:39:30
pred050,roi_predict_keep050_fv050_l03,012000,libero_goal,0,100.0,10,605.4838118553162,60.54838125705719,done,2026-07-11 15:39:38
pred050,roi_predict_keep050_fv050_l03,012000,libero_goal,3,100.0,10,740.7879312038422,74.07879321575165,done,2026-07-11 15:41:54
pred050,roi_predict_keep050_fv050_l03,012000,libero_goal,4,100.0,10,444.22645115852356,44.42264518737793,done,2026-07-11 15:51:30
pred050,roi_predict_keep050_fv050_l03,012000,libero_goal,8,100.0,10,468.8801894187927,46.88801903724671,done,2026-07-11 15:51:54
pred050,roi_predict_keep050_fv050_l03,012000,libero_goal,9,100.0,10,519.7816023826599,51.97816030979156,done,2026-07-11 15:52:46
pred050,roi_predict_keep050_fv050_l03,012000,libero_goal,7,100.0,10,529.4947774410248,52.94947783946991,done,2026-07-11 15:52:56
pred050,roi_predict_keep050_fv050_l03,012000,libero_goal,6,100.0,10,601.0674579143524,60.106745910644534,done,2026-07-11 15:54:06
pred050,roi_predict_keep050_fv050_l03,012000,libero_10,1,100.0,10,798.3287496566772,79.8328750371933,done,2026-07-11 15:57:24
pred050,roi_predict_keep050_fv050_l03,012000,libero_goal,5,100.0,10,805.1604042053223,80.5160404920578,done,2026-07-11 15:57:32
pred050,roi_predict_keep050_fv050_l03,012000,libero_10,0,100.0,10,831.2005245685577,83.12005252838135,done,2026-07-11 15:57:58
pred050,roi_predict_keep050_fv050_l03,012000,libero_10,6,90.0,10,505.34780764579773,50.534780859947205,done,2026-07-11 16:08:35
pred050,roi_predict_keep050_fv050_l03,012000,libero_10,4,100.0,10,513.71266746521,51.37126677036285,done,2026-07-11 16:08:43
pred050,roi_predict_keep050_fv050_l03,012000,libero_10,5,100.0,10,559.6037631034851,55.960376381874084,done,2026-07-11 16:09:29
pred050,roi_predict_keep050_fv050_l03,012000,libero_10,7,100.0,10,610.3050870895386,61.030508804321286,done,2026-07-11 16:10:20
pred050,roi_predict_keep050_fv050_l03,012000,libero_10,3,100.0,10,679.3720283508301,67.93720290660858,done,2026-07-11 16:11:29
pred050,roi_predict_keep050_fv050_l03,012000,libero_10,9,70.0,10,728.3773221969604,72.83773226737976,done,2026-07-11 16:12:19
pred050,roi_predict_keep050_fv050_l03,012000,libero_10,2,100.0,10,862.8468735218048,86.28468744754791,done,2026-07-11 16:14:32
pred050,roi_predict_keep050_fv050_l03,012000,libero_10,8,80.0,10,1101.74857711792,110.17485778331756,done,2026-07-11 16:18:29
